codon,one.letter,decoding.time
AAA,K,0.052
AAC,N,0.121
AAG,K,0.071
AAU,N,0.135
ACA,T,0.39
ACC,T,0.117
ACG,T,0.267
ACU,T,0.113
AGA,R,0.0316
AGC,S,0.327
AGG,R,0.529
AGU,S,0.326
AUA,I,0.595
AUC,I,0.087
AUG,M,0.172
AUU,I,0.086
CAA,Q,0.105
CAC,H,0.251
CAG,Q,1.233
CAU,H,0.184
CCA,P,0.233
CCC,P,0.918
CCG,P,0.056
CCU,P,0.927
CGA,R,0.145
CGC,R,0.103
CGG,R,0.44
CGU,R,0.101
CUA,L,0.451
CUC,L,1.411
CUG,L,0.33
CUU,L,0.496
GAA,E,0.069
GAC,D,0.151
GAG,E,0.569
GAU,D,0.157
GCA,A,0.495
GCC,A,0.139
GCG,A,0.056
GCU,A,0.14
GGA,G,0.253
GGC,G,0.07
GGG,G,0.323
GGU,G,0.068
GUA,V,1.022
GUC,V,0.129
GUG,V,0.464
GUU,V,0.131
UAA,*,
UAC,Y,0.216
UAG,*,
UAU,Y,0.226
UCA,S,0.829
UCC,S,0.118
UCG,S,1.372
UCU,S,0.121
UGA,*,
UGC,C,0.166
UGG,W,0.067
UGU,C,0.1661
UUA,L,0.187
UUC,F,0.175
UUG,L,0.119
UUU,F,0.174
